{"timestamp": 1705062277.465571, "timestamp_start": 1705062277.465571}